"","X","total_points","autocorrelated_points","percent_autocorrelated","mean_acf","acf_strength.Var1","acf_strength.Freq"
"1",1,81269,5589,6.87716103311226,0.474894534944879,"Weak",0
"2",2,81269,5589,6.87716103311226,0.474894534944879,"Moderate",0
"3",3,81269,5589,6.87716103311226,0.474894534944879,"Strong",2079
"4",4,81269,5589,6.87716103311226,0.474894534944879,"Very Strong",3510
