"","total_points","autocorrelated_points","percent_autocorrelated","mean_acf","acf_strength.Var1","acf_strength.Freq"
"1",79928,4042,5.05705134621159,0.43162372299731,"Weak",0
"2",79928,4042,5.05705134621159,0.43162372299731,"Moderate",0
"3",79928,4042,5.05705134621159,0.43162372299731,"Strong",1873
"4",79928,4042,5.05705134621159,0.43162372299731,"Very Strong",2169
